Component,Technology_Stack,Key_Features,Integration_Points,Performance_Requirements,Development_Timeline
Core Optimization Engine,Python/Java + Gurobi/CPLEX/OR-Tools,"MILP/CP solvers, ML optimization, Multi-objective optimization","FOIS, RTIS, TMS, CMS, NTES","Sub-second response, Handle 1000+ trains",6-8 months
Real-time Data Processing,Apache Kafka + Apache Spark Streaming,"Event streaming, Real-time analytics, Data validation","Signal systems, Track circuits, Weather APIs","< 100ms latency, 10K events/sec processing",4-6 months
Conflict Detection System,Graph algorithms + ML models,"Pattern recognition, Predictive conflicts, Automated alerts","All railway control systems, Emergency protocols","99.9% accuracy, < 30 second detection",3-4 months
Decision Support Interface,React/Angular + D3.js visualization,"Interactive dashboards, What-if analysis, Recommendation engine","Existing control room systems, Mobile devices","< 2 second response, Concurrent users: 500+",4-5 months
Integration APIs,REST APIs + GraphQL + Message Queues,"FOIS integration, TMS connectivity, External system APIs","CRIS systems, Banking APIs, External partners","99.99% uptime, < 500ms API response",5-6 months
Simulation Engine,SUMO/OMNET++ + Custom simulators,"Scenario modeling, Performance prediction, Risk assessment","Real infrastructure data, Historical patterns","Real-time simulation, Multiple scenarios",4-5 months
Alert & Notification System,WebSocket + Push notifications,"Multi-channel alerts, Escalation workflows, SMS/Email/App","Control rooms, Mobile apps, Emergency systems","< 5 second delivery, 99.95% delivery rate",2-3 months
Reporting & Analytics,Power BI/Tableau + Custom dashboards,"KPI dashboards, Historical analysis, Predictive reports","Management systems, Compliance tools, Audit systems","Near real-time updates, Complex query support",3-4 months
Mobile Application,React Native/Flutter,"Offline capability, Real-time updates, Location services","Central servers, User authentication, Offline sync","Offline mode, < 3 second sync time",4-5 months
Database Management,PostgreSQL + Redis + MongoDB,"ACID compliance, Replication, Automated backup","All system components, Backup systems, Analytics","99.9% availability, ACID transactions",3-4 months
Security Framework,OAuth 2.0 + JWT + TLS encryption,"Role-based access, Audit logging, Data encryption","Identity management, Compliance systems, Audit tools","Zero security breaches, Compliance adherence",2-3 months
Performance Monitor,Prometheus + Grafana + ELK Stack,"Resource monitoring, Performance metrics, Automated scaling","All system components, Alert systems, Dashboards","Real-time monitoring, Proactive alerts",2-3 months
